lastUpdate,answers
1670965483,99982000
1670965483,99982000
1670965483,99982000
1670965483,99982000
1670965483,99982000
1670965483,99982000
1670965483,99982000
1670965483,99982000
1670965483,99982000
1670965483,99982000
1670965483,99982000
1670965483,99982000
1670965483,99982000
1670965483,99982000
1670965483,99982000
1670965483,99982000
1670965483,99982000
1670965483,99982000
1670965483,99982000
1670965483,99982000
1670965483,99982000
1671034952,99990140
1671034952,99990140
1671034952,99990140
1671034952,99990140
1671034952,99990140
1671034952,99990140
1671034952,99990140
1671034952,99990140
1671034952,99990140
1671034952,99990140
1671034952,99990140
1671034952,99990140
1671034952,99990140
1671034952,99990140
1671034952,99990140
1671034952,99990140
1671034952,99990140
1671034952,99990140
1671034952,99990140
1671034952,99990140
1671034952,99990140
1671034952,99990140
1671034952,99990140
1671034952,99990140
1671034952,99990140
1671034952,99990140
1671034952,99990140
1671034952,99990140
1671121381,99997000
1671121381,99997000
1671121381,99997000
1671121381,99997000
1671121381,99997000
1671121381,99997000
1671121381,99997000
1671121381,99997000
1671121381,99997000
1671121381,99997000
1671121381,99997000
1671121381,99997000
1671121381,99997000
1671121381,99997000
1671121381,99997000
1671121381,99997000
1671121381,99997000
1671121381,99997000
1671121381,99997000
1671121381,99997000
1671121381,99997000
1671121381,99997000
1671121381,99997000
1671121381,99997000
1671121381,99997000
1671121381,99997000
1671207800,99999837
1671207800,99999837
1671207800,99999837
1671207800,99999837
1671207800,99999837
1671207800,99999837
1671207800,99999837
1671207800,99999837
1671207800,99999837
1671207800,99999837
1671207800,99999837
1671207800,99999837
1671207800,99999837
1671207800,99999837
1671207800,99999837
1671207800,99999837
1671207800,99999837
1671207800,99999837
1671207800,99999837
1671207800,99999837
1671207800,99999837
1671207800,99999837
1671207800,99999837
1671207800,99999837
1671207800,99999837
1671294207,99994850
1671294207,99994850
1671294207,99994850
1671294207,99994850
1671294207,99994850
1671294207,99994850
1671294207,99994850
1671294207,99994850
1671294207,99994850
1671294207,99994850
1671294207,99994850
1671294207,99994850
1671294207,99994850
1671294207,99994850
1671294207,99994850
1671294207,99994850
1671294207,99994850
1671294207,99994850
1671294207,99994850
1671294207,99994850
1671294207,99994850
1671294207,99994850
1671380636,99990000
1671380636,99990000
1671380636,99990000
1671380636,99990000
1671380636,99990000
1671380636,99990000
1671380636,99990000
1671380636,99990000
1671380636,99990000
1671380636,99990000
1671380636,99990000
1671380636,99990000
1671380636,99990000
1671380636,99990000
1671380636,99990000
1671380636,99990000
1671380636,99990000
1671380636,99990000
1671380636,99990000
1671380636,99990000
1671380636,99990000
1671467066,99980001
1671467066,99980001
1671467066,99980001
1671467066,99980001
1671467066,99980001
1671467066,99980001
1671467066,99980001
1671467066,99980001
1671467066,99980001
1671467066,99980001
1671467066,99980001
1671467066,99980001
1671467066,99980001
1671467066,99980001
1671467066,99980001
1671467066,99980001
1671467066,99980001
1671467066,99980001
1671467066,99980001
1671467066,99980001
1671467066,99980001
1671467066,99980001
1671467066,99980001
1671467066,99980001
1671553495,99996500
1671553495,99996500
1671553495,99996500
1671553495,99996500
1671553495,99996500
1671553495,99996500
1671553495,99996500
1671553495,99996500
1671553495,99996500
1671553495,99996500
1671553495,99996500
1671553495,99996500
1671553495,99996500
1671553495,99996500
1671553495,99996500
1671553495,99996500
1671553495,99996500
1671553495,99996500
1671553495,99996500
1671553495,99996500
1671553495,99996500
1671553495,99996500
1671553495,99996500
1671553495,99996500
1671553495,99996500
1671553495,99996500
1671639922,99997000
1671639922,99997000
1671639922,99997000
1671639922,99997000
1671639922,99997000
1671639922,99997000
1671639922,99997000
1671639922,99997000
1671639922,99997000
1671639922,99997000
1671639922,99997000
1671639922,99997000
1671639922,99997000
1671639922,99997000
1671639922,99997000
1671639922,99997000
1671639922,99997000
1671639922,99997000
1671639922,99997000
1671639922,99997000
1671639922,99997000
1671639922,99997000
1671639922,99997000
1671726325,100000000
1671726325,100000000
1671726325,100000000
1671726325,100000000
1671726325,100000000
1671726325,100000000
1671726325,100000000
1671726325,100000000
1671726325,100000000
1671726325,100000000
1671726325,100000000
1671726325,100000000
1671726325,100000000
1671726325,100000000
1671726325,100000000
1671726325,100000000
1671726325,100000000
1671726325,100000000
1671726325,100000000
1671726325,100000000
1671726325,100000000
1671726325,100000000
1671726325,100000000
1671726325,100000000
1671812756,100000000
1671812756,100000000
1671812756,100000000
1671812756,100000000
1671812756,100000000
1671812756,100000000
1671812756,100000000
1671812756,100000000
1671812756,100000000
1671812756,100000000
1671812756,100000000
1671812756,100000000
1671812756,100000000
1671812756,100000000
1671812756,100000000
1671812756,100000000
1671812756,100000000
1671812756,100000000
1671812756,100000000
1671812756,100000000
1671812756,100000000
1671812756,100000000
1671812756,100000000
1671899171,99990000
1671899171,99990000
1671899171,99990000
1671899171,99990000
1671899171,99990000
1671899171,99990000
1671899171,99990000
1671899171,99990000
1671899171,99990000
1671899171,99990000
1671899171,99990000
1671899171,99990000
1671899171,99990000
1671899171,99990000
1671899171,99990000
1671899171,99990000
1671899171,99990000
1671899171,99990000
1671899171,99990000
1671899171,99990000
1671899171,99990000
1671899171,99990000
1671899171,99990000
1671899171,99990000
1671985574,100000000
1671985574,100000000
1671985574,100000000
1671985574,100000000
1671985574,100000000
1671985574,100000000
1671985574,100000000
1671985574,100000000
1671985574,100000000
1671985574,100000000
1671985574,100000000
1671985574,100000000
1671985574,100000000
1671985574,100000000
1671985574,100000000
1671985574,100000000
1671985574,100000000
1671985574,100000000
1671985574,100000000
1671985574,100000000
1671985574,100000000
1671985574,100000000
1671985574,100000000
1671985574,100000000
1672072003,99999973
1672072003,99999973
1672072003,99999973
1672072003,99999973
1672072003,99999973
1672072003,99999973
1672072003,99999973
1672072003,99999973
1672072003,99999973
1672072003,99999973
1672072003,99999973
1672072003,99999973
1672072003,99999973
1672072003,99999973
1672072003,99999973
1672072003,99999973
1672072003,99999973
1672072003,99999973
1672072003,99999973
1672072003,99999973
1672158430,99993624
1672158430,99993624
1672158430,99993624
1672158430,99993624
1672158430,99993624
1672158430,99993624
1672158430,99993624
1672158430,99993624
1672158430,99993624
1672158430,99993624
1672158430,99993624
1672158430,99993624
1672158430,99993624
1672158430,99993624
1672158430,99993624
1672158430,99993624
1672158430,99993624
1672158430,99993624
1672158430,99993624
1672158430,99993624
1672158430,99993624
1672244846,99976000
1672244846,99976000
1672244846,99976000
1672244846,99976000
1672244846,99976000
1672244846,99976000
1672244846,99976000
1672244846,99976000
1672244846,99976000
1672244846,99976000
1672244846,99976000
1672244846,99976000
1672244846,99976000
1672244846,99976000
1672244846,99976000
1672244846,99976000
1672244846,99976000
1672244846,99976000
1672244846,99976000
1672331267,100001864
1672331267,100001864
1672331267,100001864
1672331267,100001864
1672331267,100001864
1672331267,100001864
1672331267,100001864
1672331267,100001864
1672331267,100001864
1672331267,100001864
1672331267,100001864
1672331267,100001864
1672331267,100001864
1672331267,100001864
1672331267,100001864
1672331267,100001864
1672331267,100001864
1672331267,100001864
1672331267,100001864
1672331267,100001864
1672417673,100001000
1672417673,100001000
1672417673,100001000
1672417673,100001000
1672417673,100001000
1672417673,100001000
1672417673,100001000
1672417673,100001000
1672417673,100001000
1672417673,100001000
1672417673,100001000
1672417673,100001000
1672417673,100001000
1672417673,100001000
1672417673,100001000
1672417673,100001000
1672417673,100001000
1672417673,100001000
1672417673,100001000
1672417673,100001000
1672417673,100001000
1672504099,100009836
1672504099,100009836
1672504099,100009836
1672504099,100009836
1672504099,100009836
1672504099,100009836
1672504099,100009836
1672504099,100009836
1672504099,100009836
1672504099,100009836
1672504099,100009836
1672504099,100009836
1672504099,100009836
1672504099,100009836
1672504099,100009836
1672590527,100029355
1672590527,100029355
1672590527,100029355
1672590527,100029355
1672590527,100029355
1672590527,100029355
1672590527,100029355
1672590527,100029355
1672590527,100029355
1672590527,100029355
1672590527,100029355
1672590527,100029355
1672590527,100029355
1672590527,100029355
1672590527,100029355
1672590527,100029355
1672676943,100020000
1672676943,100020000
1672676943,100020000
1672676943,100020000
1672676943,100020000
1672676943,100020000
1672676943,100020000
1672676943,100020000
1672676943,100020000
1672676943,100020000
1672676943,100020000
1672676943,100020000
1672676943,100020000
1672676943,100020000
1672676943,100020000
1672676943,100020000
1672676943,100020000
1672676943,100020000
1672676943,100020000
1672676943,100020000
1672676943,100020000
1672676943,100020000
1672676943,100020000
1672763347,100009000
1672763347,100009000
1672763347,100009000
1672763347,100009000
1672763347,100009000
1672763347,100009000
1672763347,100009000
1672763347,100009000
1672763347,100009000
1672763347,100009000
1672763347,100009000
1672763347,100009000
1672763347,100009000
1672763347,100009000
1672763347,100009000
1672763347,100009000
1672763347,100009000
1672763347,100009000
1672763347,100009000
1672763347,100009000
1672763347,100009000
1672763347,100009000
1672763347,100009000
1672763347,100009000
1672763347,100009000
1672763347,100009000
1672849773,100017000
1672849773,100017000
1672849773,100017000
1672849773,100017000
1672849773,100017000
1672849773,100017000
1672849773,100017000
1672849773,100017000
1672849773,100017000
1672849773,100017000
1672849773,100017000
1672849773,100017000
1672849773,100017000
1672849773,100017000
1672849773,100017000
1672849773,100017000
1672849773,100017000
1672849773,100017000
1672849773,100017000
1672849773,100017000
1672849773,100017000
1672849773,100017000
1672849773,100017000
1672936201,99999946
1672936201,99999946
1672936201,99999946
1672936201,99999946
1672936201,99999946
1672936201,99999946
1672936201,99999946
1672936201,99999946
1672936201,99999946
1672936201,99999946
1672936201,99999946
1672936201,99999946
1672936201,99999946
1672936201,99999946
1672936201,99999946
1672936201,99999946
1672936201,99999946
1672936201,99999946
1673022625,99999875
1673022625,99999875
1673022625,99999875
1673022625,99999875
1673022625,99999875
1673022625,99999875
1673022625,99999875
1673022625,99999875
1673022625,99999875
1673022625,99999875
1673022625,99999875
1673022625,99999875
1673022625,99999875
1673022625,99999875
1673022625,99999875
1673022625,99999875
1673022625,99999875
1673022625,99999875
1673022625,99999875
1673022625,99999875
1673022625,99999875
1673109053,100020500
1673109053,100020500
1673109053,100020500
1673109053,100020500
1673109053,100020500
1673109053,100020500
1673109053,100020500
1673109053,100020500
1673109053,100020500
1673109053,100020500
1673109053,100020500
1673109053,100020500
1673109053,100020500
1673109053,100020500
1673109053,100020500
1673109053,100020500
1673109053,100020500
1673109053,100020500
1673109053,100020500
1673109053,100020500
1673195481,100004000
1673195481,100004000
1673195481,100004000
1673195481,100004000
1673195481,100004000
1673195481,100004000
1673195481,100004000
1673195481,100004000
1673195481,100004000
1673195481,100004000
1673195481,100004000
1673195481,100004000
1673195481,100004000
1673195481,100004000
1673195481,100004000
1673195481,100004000
1673195481,100004000
1673195481,100004000
1673195481,100004000
1673195481,100004000
1673195481,100004000
1673281883,99990000
1673281883,99990000
1673281883,99990000
1673281883,99990000
1673281883,99990000
1673281883,99990000
1673281883,99990000
1673281883,99990000
1673281883,99990000
1673281883,99990000
1673281883,99990000
1673281883,99990000
1673281883,99990000
1673281883,99990000
1673281883,99990000
1673281883,99990000
1673281883,99990000
1673281883,99990000
1673281883,99990000
1673281883,99990000
1673281883,99990000
1673281883,99990000
1673281883,99990000
1673281883,99990000
1673368287,99990000
1673368287,99990000
1673368287,99990000
1673368287,99990000
1673368287,99990000
1673368287,99990000
1673368287,99990000
1673368287,99990000
1673368287,99990000
1673368287,99990000
1673368287,99990000
1673368287,99990000
1673368287,99990000
1673368287,99990000
1673368287,99990000
1673368287,99990000
1673368287,99990000
1673368287,99990000
1673368287,99990000
1673368287,99990000
1673368287,99990000
1673368287,99990000
1673368287,99990000
1673454708,99982080
1673454708,99982080
1673454708,99982080
1673454708,99982080
1673454708,99982080
1673454708,99982080
1673454708,99982080
1673454708,99982080
1673454708,99982080
1673454708,99982080
1673454708,99982080
1673454708,99982080
1673454708,99982080
1673454708,99982080
1673454708,99982080
1673454708,99982080
1673454708,99982080
1673454708,99982080
1673454708,99982080
1673454708,99982080
1673454708,99982080
1673454708,99982080
1673454708,99982080
1673454708,99982080
1673454708,99982080
1673541137,99990000
1673541137,99990000
1673541137,99990000
1673541137,99990000
1673541137,99990000
1673541137,99990000
1673541137,99990000
1673541137,99990000
1673541137,99990000
1673541137,99990000
1673541137,99990000
1673541137,99990000
1673541137,99990000
1673541137,99990000
1673541137,99990000
1673541137,99990000
1673541137,99990000
1673541137,99990000
1673541137,99990000
1673541137,99990000
1673541137,99990000
1673541137,99990000
1673627565,99980020
1673627565,99980020
1673627565,99980020
1673627565,99980020
1673627565,99980020
1673627565,99980020
1673627565,99980020
1673627565,99980020
1673627565,99980020
1673627565,99980020
1673627565,99980020
1673627565,99980020
1673627565,99980020
1673627565,99980020
1673627565,99980020
1673627565,99980020
1673627565,99980020
1673627565,99980020
1673627565,99980020
1673627565,99980020
1673627565,99980020
1673627565,99980020
1673627565,99980020
1673627565,99980020
1673627565,99980020
1673713967,99980000
1673713967,99980000
1673713967,99980000
1673713967,99980000
1673713967,99980000
1673713967,99980000
1673713967,99980000
1673713967,99980000
1673713967,99980000
1673713967,99980000
1673713967,99980000
1673713967,99980000
1673713967,99980000
1673713967,99980000
1673713967,99980000
1673713967,99980000
1673713967,99980000
1673713967,99980000
1673713967,99980000
1673713967,99980000
1673713967,99980000
1673713967,99980000
1673800392,99950000
1673800392,99950000
1673800392,99950000
1673800392,99950000
1673800392,99950000
1673800392,99950000
1673800392,99950000
1673800392,99950000
1673800392,99950000
1673800392,99950000
1673800392,99950000
1673800392,99950000
1673800392,99950000
1673800392,99950000
1673800392,99950000
1673800392,99950000
1673800392,99950000
1673800392,99950000
1673800392,99950000
1673800392,99950000
1673800392,99950000
1673800392,99950000
1673886796,99990009
1673886796,99990009
1673886796,99990009
1673886796,99990009
1673886796,99990009
1673886796,99990009
1673886796,99990009
1673886796,99990009
1673886796,99990009
1673886796,99990009
1673886796,99990009
1673886796,99990009
1673886796,99990009
1673886796,99990009
1673886796,99990009
1673886796,99990009
1673886796,99990009
1673886796,99990009
1673886796,99990009
1673886796,99990009
1673886796,99990009
1673886796,99990009
1673973223,99987000
1673973223,99987000
1673973223,99987000
1673973223,99987000
1673973223,99987000
1673973223,99987000
1673973223,99987000
1673973223,99987000
1673973223,99987000
1673973223,99987000
1673973223,99987000
1673973223,99987000
1673973223,99987000
1673973223,99987000
1673973223,99987000
1673973223,99987000
1673973223,99987000
1673973223,99987000
1673973223,99987000
1673973223,99987000
1674059645,99999672
1674059645,99999672
1674059645,99999672
1674059645,99999672
1674059645,99999672
1674059645,99999672
1674059645,99999672
1674059645,99999672
1674059645,99999672
1674059645,99999672
1674059645,99999672
1674059645,99999672
1674059645,99999672
1674059645,99999672
1674059645,99999672
1674059645,99999672
1674059645,99999672
1674059645,99999672
1674059645,99999672
1674059645,99999672
1674059645,99999672
1674146065,100000000
1674146065,100000000
1674146065,100000000
1674146065,100000000
1674146065,100000000
1674146065,100000000
1674146065,100000000
1674146065,100000000
1674146065,100000000
1674146065,100000000
1674146065,100000000
1674146065,100000000
1674146065,100000000
1674146065,100000000
1674146065,100000000
1674146065,100000000
1674146065,100000000
1674146065,100000000
1674146065,100000000
1674232467,99990786
1674232467,99990786
1674232467,99990786
1674232467,99990786
1674232467,99990786
1674232467,99990786
1674232467,99990786
1674232467,99990786
1674232467,99990786
1674232467,99990786
1674232467,99990786
1674232467,99990786
1674232467,99990786
1674232467,99990786
1674232467,99990786
1674232467,99990786
1674232467,99990786
1674232467,99990786
1674232467,99990786
1674232467,99990786
1674232467,99990786
1674318892,99975000
1674318892,99975000
1674318892,99975000
1674318892,99975000
1674318892,99975000
1674318892,99975000
1674318892,99975000
1674318892,99975000
1674318892,99975000
1674318892,99975000
1674318892,99975000
1674318892,99975000
1674318892,99975000
1674318892,99975000
1674318892,99975000
1674318892,99975000
1674318892,99975000
1674318892,99975000
1674318892,99975000
1674318892,99975000
1674318892,99975000
1674318892,99975000
1674405320,99970290
1674405320,99970290
1674405320,99970290
1674405320,99970290
1674405320,99970290
1674405320,99970290
1674405320,99970290
1674405320,99970290
1674405320,99970290
1674405320,99970290
1674405320,99970290
1674405320,99970290
1674405320,99970290
1674405320,99970290
1674405320,99970290
1674405320,99970290
1674405320,99970290
1674405320,99970290
1674405320,99970290
1674405320,99970290
1674491749,99989510
1674491749,99989510
1674491749,99989510
1674491749,99989510
1674491749,99989510
1674491749,99989510
1674491749,99989510
1674491749,99989510
1674491749,99989510
1674491749,99989510
1674491749,99989510
1674491749,99989510
1674491749,99989510
1674491749,99989510
1674491749,99989510
1674491749,99989510
1674491749,99989510
1674491749,99989510
1674491749,99989510
1674491749,99989510
1674491749,99989510
1674491749,99989510
1674578149,99985000
1674578149,99985000
1674578149,99985000
1674578149,99985000
1674578149,99985000
1674578149,99985000
1674578149,99985000
1674578149,99985000
1674578149,99985000
1674578149,99985000
1674578149,99985000
1674578149,99985000
1674578149,99985000
1674578149,99985000
1674578149,99985000
1674578149,99985000
1674578149,99985000
1674578149,99985000
1674578149,99985000
1674578149,99985000
1674578149,99985000
1674578149,99985000
1674578149,99985000
1674664564,99999999
1674664564,99999999
1674664564,99999999
1674664564,99999999
1674664564,99999999
1674664564,99999999
1674664564,99999999
1674664564,99999999
1674664564,99999999
1674664564,99999999
1674664564,99999999
1674664564,99999999
1674664564,99999999
1674664564,99999999
1674664564,99999999
1674664564,99999999
1674664564,99999999
1674664564,99999999
1674664564,99999999
1674664564,99999999
1674664564,99999999
1674664564,99999999
1674664564,99999999
1674664564,99999999
1674750991,99999348
1674750991,99999348
1674750991,99999348
1674750991,99999348
1674750991,99999348
1674750991,99999348
1674750991,99999348
1674750991,99999348
1674750991,99999348
1674750991,99999348
1674750991,99999348
1674750991,99999348
1674750991,99999348
1674750991,99999348
1674750991,99999348
1674750991,99999348
1674750991,99999348
1674750991,99999348
1674750991,99999348
1674750991,99999348
1674750991,99999348
1674750991,99999348
1674750991,99999348
1674750991,99999348
1674750991,99999348
1674750991,99999348
1674750991,99999348
1674837418,99991356
1674837418,99991356
1674837418,99991356
1674837418,99991356
1674837418,99991356
1674837418,99991356
1674837418,99991356
1674837418,99991356
1674837418,99991356
1674837418,99991356
1674837418,99991356
1674837418,99991356
1674837418,99991356
1674837418,99991356
1674837418,99991356
1674837418,99991356
1674837418,99991356
1674837418,99991356
1674837418,99991356
1674837418,99991356
1674837418,99991356
1674837418,99991356
1674837418,99991356
1674837418,99991356
1674837418,99991356
1674837418,99991356
1674923847,100003000
1674923847,100003000
1674923847,100003000
1674923847,100003000
1674923847,100003000
1674923847,100003000
1674923847,100003000
1674923847,100003000
1674923847,100003000
1674923847,100003000
1674923847,100003000
1674923847,100003000
1674923847,100003000
1674923847,100003000
1674923847,100003000
1674923847,100003000
1674923847,100003000
1674923847,100003000
1674923847,100003000
1674923847,100003000
1674923847,100003000
1674923847,100003000
1674923847,100003000
1675010274,99998738
1675010274,99998738
1675010274,99998738
1675010274,99998738
1675010274,99998738
1675010274,99998738
1675010274,99998738
1675010274,99998738
1675010274,99998738
1675010274,99998738
1675010274,99998738
1675010274,99998738
1675010274,99998738
1675010274,99998738
1675010274,99998738
1675010274,99998738
1675010274,99998738
1675010274,99998738
1675010274,99998738
1675010274,99998738
1675010274,99998738
1675010274,99998738
1675010274,99998738
1675010274,99998738
1675010274,99998738
1675010274,99998738
1675010274,99998738
1675096701,100000000
1675096701,100000000
1675096701,100000000
1675096701,100000000
1675096701,100000000
1675096701,100000000
1675096701,100000000
1675096701,100000000
1675096701,100000000
1675096701,100000000
1675096701,100000000
1675096701,100000000
1675096701,100000000
1675096701,100000000
1675096701,100000000
1675096701,100000000
1675096701,100000000
1675096701,100000000
1675096701,100000000
1675096701,100000000
1675096701,100000000
1675096701,100000000
1675096701,100000000
1675096701,100000000
1675096701,100000000
1675183126,100020530
1675183126,100020530
1675183126,100020530
1675183126,100020530
1675183126,100020530
1675183126,100020530
1675183126,100020530
1675183126,100020530
1675183126,100020530
1675183126,100020530
1675183126,100020530
1675183126,100020530
1675183126,100020530
1675183126,100020530
1675183126,100020530
1675183126,100020530
1675183126,100020530
1675183126,100020530
1675183126,100020530
1675183126,100020530
1675183126,100020530
1675183126,100020530
1675183126,100020530
1675183126,100020530
1675183126,100020530
1675183126,100020530
1675183126,100020530
1675269527,99992016
1675269527,99992016
1675269527,99992016
1675269527,99992016
1675269527,99992016
1675269527,99992016
1675269527,99992016
1675269527,99992016
1675269527,99992016
1675269527,99992016
1675269527,99992016
1675269527,99992016
1675269527,99992016
1675269527,99992016
1675269527,99992016
1675269527,99992016
1675269527,99992016
1675269527,99992016
1675269527,99992016
1675269527,99992016
1675269527,99992016
1675269527,99992016
1675269527,99992016
1675269527,99992016
1675269527,99992016
1675269527,99992016
1675269527,99992016
1675269527,99992016
1675355938,99996000
1675355938,99996000
1675355938,99996000
1675355938,99996000
1675355938,99996000
1675355938,99996000
1675355938,99996000
1675355938,99996000
1675355938,99996000
1675355938,99996000
1675355938,99996000
1675355938,99996000
1675355938,99996000
1675355938,99996000
1675355938,99996000
1675355938,99996000
1675355938,99996000
1675355938,99996000
1675355938,99996000
1675355938,99996000
1675355938,99996000
1675355938,99996000
1675355938,99996000
1675355938,99996000
1675355938,99996000
1675442363,100026000
1675442363,100026000
1675442363,100026000
1675442363,100026000
1675442363,100026000
1675442363,100026000
1675442363,100026000
1675442363,100026000
1675442363,100026000
1675442363,100026000
1675442363,100026000
1675442363,100026000
1675442363,100026000
1675442363,100026000
1675442363,100026000
1675442363,100026000
1675442363,100026000
1675442363,100026000
1675442363,100026000
1675442363,100026000
1675442363,100026000
1675442363,100026000
1675442363,100026000
1675442363,100026000
1675442363,100026000
1675442363,100026000
1675442363,100026000
1675528765,100002000
1675528765,100002000
1675528765,100002000
1675528765,100002000
1675528765,100002000
1675528765,100002000
1675528765,100002000
1675528765,100002000
1675528765,100002000
1675528765,100002000
1675528765,100002000
1675528765,100002000
1675528765,100002000
1675528765,100002000
1675528765,100002000
1675528765,100002000
1675528765,100002000
1675528765,100002000
1675528765,100002000
1675528765,100002000
1675528765,100002000
1675528765,100002000
1675528765,100002000
1675528765,100002000
1675528765,100002000
1675528765,100002000
1675528765,100002000
1675528765,100002000
1675615248,99985000
1675615248,99985000
1675615248,99985000
1675615248,99985000
1675615248,99985000
1675615248,99985000
1675615248,99985000
1675615248,99985000
1675615248,99985000
1675615248,99985000
1675615248,99985000
1675615248,99985000
1675615248,99985000
1675615248,99985000
1675615248,99985000
1675615248,99985000
1675615248,99985000
1675615248,99985000
1675615248,99985000
1675615248,99985000
1675615248,99985000
1675615248,99985000
1675615248,99985000
1675615248,99985000
1675615248,99985000
1675615248,99985000
1675615248,99985000
1675615248,99985000
1675701677,99988711
1675701677,99988711
1675701677,99988711
1675701677,99988711
1675701677,99988711
1675701677,99988711
1675701677,99988711
1675701677,99988711
1675701677,99988711
1675701677,99988711
1675701677,99988711
1675701677,99988711
1675701677,99988711
1675701677,99988711
1675701677,99988711
1675701677,99988711
1675701677,99988711
1675701677,99988711
1675701677,99988711
1675701677,99988711
1675701677,99988711
1675701677,99988711
1675701677,99988711
1675701677,99988711
1675701677,99988711
1675701677,99988711
1675701677,99988711
1675701677,99988711
1675701677,99988711
1675788104,100000000
1675788104,100000000
1675788104,100000000
1675788104,100000000
1675788104,100000000
1675788104,100000000
1675788104,100000000
1675788104,100000000
1675788104,100000000
1675788104,100000000
1675788104,100000000
1675788104,100000000
1675788104,100000000
1675788104,100000000
1675788104,100000000
1675788104,100000000
1675788104,100000000
1675788104,100000000
1675788104,100000000
1675788104,100000000
1675788104,100000000
1675788104,100000000
1675788104,100000000
1675788104,100000000
1675788104,100000000
1675788104,100000000
1675788104,100000000
1675788104,100000000
1675788104,100000000
1675788104,100000000
1675788104,100000000
1675788104,100000000
1675874573,100000000
1675874573,100000000
1675874573,100000000
1675874573,100000000
1675874573,100000000
1675874573,100000000
1675874573,100000000
1675874573,100000000
1675874573,100000000
1675874573,100000000
1675874573,100000000
1675874573,100000000
1675874573,100000000
1675874573,100000000
1675874573,100000000
1675874573,100000000
1675874573,100000000
1675874573,100000000
1675874573,100000000
1675874573,100000000
1675874573,100000000
1675874573,100000000
1675874573,100000000
1675874573,100000000
1675874573,100000000
1675874573,100000000
1675874573,100000000
1675874573,100000000
1675874573,100000000
1675960993,99989999
1675960993,99989999
1675960993,99989999
1675960993,99989999
1675960993,99989999
1675960993,99989999
1675960993,99989999
1675960993,99989999
1675960993,99989999
1675960993,99989999
1675960993,99989999
1675960993,99989999
1675960993,99989999
1675960993,99989999
1675960993,99989999
1675960993,99989999
1675960993,99989999
1675960993,99989999
1675960993,99989999
1675960993,99989999
1675960993,99989999
1675960993,99989999
1675960993,99989999
1675960993,99989999
1675960993,99989999
1675960993,99989999
1675960993,99989999
1675960993,99989999
1675960993,99989999
1675960993,99989999
1676047406,99997000
1676047406,99997000
1676047406,99997000
1676047406,99997000
1676047406,99997000
1676047406,99997000
1676047406,99997000
1676047406,99997000
1676047406,99997000
1676047406,99997000
1676047406,99997000
1676047406,99997000
1676047406,99997000
1676047406,99997000
1676047406,99997000
1676047406,99997000
1676047406,99997000
1676047406,99997000
1676047406,99997000
1676047406,99997000
1676047406,99997000
1676047406,99997000
1676047406,99997000
1676047406,99997000
1676047406,99997000
1676047406,99997000
1676047406,99997000
1676047406,99997000
1676133833,99990000
1676133833,99990000
1676133833,99990000
1676133833,99990000
1676133833,99990000
1676133833,99990000
1676133833,99990000
1676133833,99990000
1676133833,99990000
1676133833,99990000
1676133833,99990000
1676133833,99990000
1676133833,99990000
1676133833,99990000
1676133833,99990000
1676133833,99990000
1676133833,99990000
1676133833,99990000
1676133833,99990000
1676133833,99990000
1676133833,99990000
1676133833,99990000
1676133833,99990000
1676133833,99990000
1676133833,99990000
1676133833,99990000
1676133833,99990000
1676220319,100019614
1676220319,100019614
1676220319,100019614
1676220319,100019614
1676220319,100019614
1676220319,100019614
1676220319,100019614
1676220319,100019614
1676220319,100019614
1676220319,100019614
1676220319,100019614
1676220319,100019614
1676220319,100019614
1676220319,100019614
1676220319,100019614
1676220319,100019614
1676220319,100019614
1676220319,100019614
1676220319,100019614
1676220319,100019614
1676220319,100019614
1676220319,100019614
1676220319,100019614
1676220319,100019614
1676220319,100019614
1676220319,100019614
1676220319,100019614
1676220319,100019614
1676220319,100019614
1676220319,100019614
1676306746,99900000
1676306746,99900000
1676306746,99900000
1676306746,99900000
1676306746,99900000
1676306746,99900000
1676306746,99900000
1676306746,99900000
1676306746,99900000
1676306746,99900000
1676306746,99900000
1676306746,99900000
1676306746,99900000
1676306746,99900000
1676306746,99900000
1676306746,99900000
1676306746,99900000
1676306746,99900000
1676306746,99900000
1676306746,99900000
1676306746,99900000
1676306746,99900000
1676306746,99900000
1676306746,99900000
1676306746,99900000
1676306746,99900000
1676306746,99900000
1676306746,99900000
1676306746,99900000
1676306746,99900000
1676393172,99942793
1676393172,99942793
1676393172,99942793
1676393172,99942793
1676393172,99942793
1676393172,99942793
1676393172,99942793
1676393172,99942793
1676393172,99942793
1676393172,99942793
1676393172,99942793
1676393172,99942793
1676393172,99942793
1676393172,99942793
1676393172,99942793
1676393172,99942793
1676393172,99942793
1676393172,99942793
1676393172,99942793
1676393172,99942793
1676393172,99942793
1676393172,99942793
1676393172,99942793
1676393172,99942793
1676393172,99942793
1676393172,99942793
1676393172,99942793
1676393172,99942793
1676393172,99942793
1676393172,99942793
1676479575,99986000
1676479575,99986000
1676479575,99986000
1676479575,99986000
1676479575,99986000
1676479575,99986000
1676479575,99986000
1676479575,99986000
1676479575,99986000
1676479575,99986000
1676479575,99986000
1676479575,99986000
1676479575,99986000
1676479575,99986000
1676479575,99986000
1676479575,99986000
1676479575,99986000
1676479575,99986000
1676479575,99986000
1676479575,99986000
1676479575,99986000
1676479575,99986000
1676479575,99986000
1676479575,99986000
1676479575,99986000
1676479575,99986000
1676479575,99986000
1676479575,99986000
1676479575,99986000
1676479575,99986000
1676479575,99986000
1676566002,99983000
1676566002,99983000
1676566002,99983000
1676566002,99983000
1676566002,99983000
1676566002,99983000
1676566002,99983000
1676566002,99983000
1676566002,99983000
1676566002,99983000
1676566002,99983000
1676566002,99983000
1676566002,99983000
1676566002,99983000
1676566002,99983000
1676566002,99983000
1676566002,99983000
1676566002,99983000
1676566002,99983000
1676566002,99983000
1676566002,99983000
1676566002,99983000
1676566002,99983000
1676566002,99983000
1676566002,99983000
1676566002,99983000
1676566002,99983000
1676566002,99983000
1676566002,99983000
1676566002,99983000
1676566002,99983000
1676566002,99983000
1676652417,100000000
1676652417,100000000
1676652417,100000000
1676652417,100000000
1676652417,100000000
1676652417,100000000
1676652417,100000000
1676652417,100000000
1676652417,100000000
1676652417,100000000
1676652417,100000000
1676652417,100000000
1676652417,100000000
1676652417,100000000
1676652417,100000000
1676652417,100000000
1676652417,100000000
1676652417,100000000
1676652417,100000000
1676652417,100000000
1676652417,100000000
1676652417,100000000
1676652417,100000000
1676652417,100000000
1676652417,100000000
1676652417,100000000
1676652417,100000000
1676652417,100000000
1676652417,100000000
1676652417,100000000
1676652417,100000000
1676652417,100000000
1676738845,99988895
1676738845,99988895
1676738845,99988895
1676738845,99988895
1676738845,99988895
1676738845,99988895
1676738845,99988895
1676738845,99988895
1676738845,99988895
1676738845,99988895
1676738845,99988895
1676738845,99988895
1676738845,99988895
1676738845,99988895
1676738845,99988895
1676738845,99988895
1676738845,99988895
1676738845,99988895
1676738845,99988895
1676738845,99988895
1676738845,99988895
1676738845,99988895
1676738845,99988895
1676738845,99988895
1676738845,99988895
1676738845,99988895
1676738845,99988895
1676738845,99988895
1676738845,99988895
1676738845,99988895
1676738845,99988895
1676738845,99988895
1676738845,99988895
1676825258,99991890
1676825258,99991890
1676825258,99991890
1676825258,99991890
1676825258,99991890
1676825258,99991890
1676825258,99991890
1676825258,99991890
1676825258,99991890
1676825258,99991890
1676825258,99991890
1676825258,99991890
1676825258,99991890
1676825258,99991890
1676825258,99991890
1676825258,99991890
1676825258,99991890
1676825258,99991890
1676825258,99991890
1676825258,99991890
1676825258,99991890
1676825258,99991890
1676825258,99991890
1676825258,99991890
